Date,Day_of_Week,Matchup,TV_Network,Start_Time,End_Time,Game_Duration
9/3/2026,Thursday,UMass at Rutgers,Big Ten Network,6:00 PM,9:00 PM,3.00
9/3/2026,Thursday,Kentucky Christian at Morehead State,ESPN+,6:00 PM,9:30 PM,3.50
9/3/2026,Thursday,Bethune-Cookman at UCF,ESPN+,7:00 PM,10:30 PM,3.50
9/3/2026,Thursday,Akron at Wake Forest,ACC Network,7:00 PM,10:30 PM,3.50
9/3/2026,Thursday,Merrimack at Delaware,ESPN+,7:00 PM,10:30 PM,3.50
9/3/2026,Thursday,West Georgia at Kennesaw State,ESPN+,7:00 PM,10:30 PM,3.50
9/3/2026,Thursday,UAlbany at Buffalo,ESPN+,7:00 PM,10:30 PM,3.50
9/3/2026,Thursday,Southern Illinois at Samford,ESPN+,7:00 PM,10:30 PM,3.50
9/3/2026,Thursday,Arkansas-Pine Bluff at No. 25 Missouri,SEC Network,8:00 PM,11:30 PM,3.50
9/3/2026,Thursday,Colorado at Georgia Tech,ESPN,8:00 PM,11:30 PM,3.50
9/3/2026,Thursday,Eastern Illinois at Minnesota,Peacock,8:00 PM,11:30 PM,3.50
9/3/2026,Thursday,Idaho at No. 21 Utah,ESPNU,9:00 PM,12:30 AM,3.50
9/3/2026,Thursday,UAB at Illinois,Big Ten Network,9:00 PM,12:30 AM,3.50
9/4/2026,Friday,San Jose State at Eastern Michigan,ESPN+,6:30 PM,10:00 PM,3.50
9/4/2026,Friday,Indiana State at Purdue,Big Ten Network,7:00 PM,10:30 PM,3.50
9/4/2026,Friday,North Carolina A&T at Georgia State,ESPN+,7:00 PM,10:30 PM,3.50
9/4/2026,Friday,Franklin Pierce at Marist,ESPN+,7:00 PM,10:30 PM,3.50
9/4/2026,Friday,UTEP at No. 10 Oklahoma,SECN+,8:00 PM,11:30 PM,3.50
9/4/2026,Friday,LIU at Kansas,ESPNU,8:00 PM,11:30 PM,3.50
9/4/2026,Friday,Toledo at Michigan State,FS1,8:00 PM,11:30 PM,3.50
9/4/2026,Friday,No. 7 Miami (Fla.) at Stanford,ESPN,9:00 PM,12:30 AM,3.50
9/4/2026,Friday,Fresno State at No. 14 USC,FOX,9:00 PM,12:30 AM,3.50
9/5/2026,Saturday,Webber International at Stetson,YouTube,11:00 AM,2:30 PM,3.50
9/5/2026,Saturday,North Texas at No. 6 Indiana,FOX,12:00 PM,3:30 PM,3.50
9/5/2026,Saturday,East Carolina at No. 13 Alabama,ABC,12:00 PM,3:30 PM,3.50
9/5/2026,Saturday,Oregon State at No. 23 Houston,ESPN,12:00 PM,3:30 PM,3.50
9/5/2026,Saturday,Coastal Carolina at West Virginia,TNT/HBO Max,12:00 PM,3:30 PM,3.50
9/5/2026,Saturday,New Hampshire at Syracuse,ACC Network,12:00 PM,3:30 PM,3.50
9/5/2026,Saturday,Ohio at Nebraska,FS1,12:00 PM,3:30 PM,3.50
9/5/2026,Saturday,Bryant at Army,CBSSN,12:00 PM,3:30 PM,3.50
9/5/2026,Saturday,Tarleton State at Bowling Green,ESPN+,12:00 PM,3:30 PM,3.50
9/5/2026,Saturday,Liberty at James Madison,ESPNU,12:00 PM,3:45 PM,3.75
9/5/2026,Saturday,Ball State at No. 1 Ohio State,Big Ten Network,12:30 PM,4:15 PM,3.75
9/5/2026,Saturday,Miami (Ohio) at Pitt,CW Network,12:30 PM,4:00 PM,3.50
9/5/2026,Saturday,Lehigh at Georgetown,ESPN+,12:30 PM,4:00 PM,3.50
9/5/2026,Saturday,Kent State at South Carolina,SEC Network,12:45 PM,4:15 PM,3.50
9/5/2026,Saturday,Youngstown State at Kentucky,SECN+,1:00 PM,4:30 PM,3.50
9/5/2026,Saturday,SE Missouri State at Iowa State,ESPN+,1:00 PM,4:30 PM,3.50
9/5/2026,Saturday,Duquesne at Air Force,MW+,1:00 PM,4:30 PM,3.50
9/5/2026,Saturday,Holy Cross at Colgate,ESPN+,1:00 PM,4:30 PM,3.50
9/5/2026,Saturday,Gardener-Webb at Wofford,ESPN+,1:30 PM,5:00 PM,3.50
9/5/2026,Saturday,Rhode Island at Temple,ESPN+,2:00 PM,5:30 PM,3.50
9/5/2026,Saturday,Tennessee State at No. 3 Georgia,SECN+,3:00 PM,6:30 PM,3.50
9/5/2026,Saturday,Drake at Montana,ESPN+,3:00 PM,6:30 PM,3.50
9/5/2026,Saturday,Boise State at No. 2 Oregon,CBS,3:30 PM,7:00 PM,3.50
9/5/2026,Saturday,Texas State at No. 5 Texas,ESPN,3:30 PM,7:00 PM,3.50
9/5/2026,Saturday,Marshall at No. 18 Penn State,FS1,3:30 PM,7:00 PM,3.50
9/5/2026,Saturday,Furman at No. 20 Tennessee,SECN+,3:30 PM,7:00 PM,3.50
9/5/2026,Saturday,Auburn vs. Baylor (Mercedes-Benz Stadium in Atlanta),ABC,3:30 PM,7:30 PM,4.00
9/5/2026,Saturday,Boston College at Cincinnati,FOX,3:30 PM,7:00 PM,3.50
9/5/2026,Saturday,Tulane at Duke,ACC Network,3:30 PM,7:30 PM,4.00
9/5/2026,Saturday,The Citadel at Charlotte,ESPN+,3:30 PM,7:00 PM,3.50
9/5/2026,Saturday,Towson at Navy,CBSSN,3:30 PM,7:00 PM,3.50
9/5/2026,Saturday,UT Rio Grande Valley at UTSA,ESPN+,3:30 PM,7:00 PM,3.50
9/5/2026,Saturday,Fordham at North Dakota State,MW+,3:30 PM,7:00 PM,3.50
9/5/2026,Saturday,Maine at Appalachian State,ESPN+,3:30 PM,7:00 PM,3.50
9/5/2026,Saturday,Oklahoma State at Tulsa,ESPNU,3:45 PM,7:15 PM,3.50
9/5/2026,Saturday,Northern Illinois at No. 22 Iowa,Big Ten Network,4:15 PM,7:45 PM,3.50
9/5/2026,Saturday,North Alabama at Arkansas,SEC Network,4:15 PM,7:45 PM,3.50
9/5/2026,Saturday,Alcorn State at Southern Miss,ESPN+,5:00 PM,8:30 PM,3.50
9/5/2026,Saturday,Tusculum at East Tennessee State,ESPN+,5:30 PM,9:00 PM,3.50
9/5/2026,Saturday,Wyoming at Colorado State,USA Network,6:00 PM,9:30 PM,3.50
9/5/2026,Saturday,Norfolk State at Old Dominion,ESPN+,6:00 PM,9:30 PM,3.50
9/5/2026,Saturday,Elon at Davidson,ESPN+,6:00 PM,9:30 PM,3.50
9/5/2026,Saturday,Delaware State at William & Mary,ESPN+,6:00 PM,9:30 PM,3.50
9/5/2026,Saturday,West Virginia State at Robert Morris,ESPN+,6:00 PM,9:30 PM,3.50
9/5/2026,Saturday,Villanova at Bucknell,ESPN+,6:00 PM,9:30 PM,3.50
9/5/2026,Saturday,Presbyterian at Mercer,ESPN+,6:00 PM,9:30 PM,3.50
9/5/2026,Saturday,Tennessee Tech at Chattanooga,ESPN+,6:00 PM,9:30 PM,3.50
9/5/2026,Saturday,Missouri State at No. 8 Texas A&M,ESPN,7:00 PM,10:30 PM,3.50
9/5/2026,Saturday,Abilene Christian at No. 12 Texas Tech,FS1,7:00 PM,10:30 PM,3.50
9/5/2026,Saturday,Austin Peay at Vanderbilt,SECN+,7:00 PM,10:30 PM,3.50
9/5/2026,Saturday,Nicholls at Kansas State,ESPN+,7:00 PM,10:30 PM,3.50
9/5/2026,Saturday,Idaho State at Utah State,CBSSN,7:00 PM,10:30 PM,3.50
9/5/2026,Saturday,Arkansas State at Memphis,ESPN+,7:00 PM,10:30 PM,3.50
9/5/2026,Saturday,Houston Christian at Rice,ESPN+,7:00 PM,10:30 PM,3.50
9/5/2026,Saturday,Florida International at South Florida,ESPN+,7:00 PM,10:30 PM,3.50
9/5/2026,Saturday,Murray State at Middle Tennessee,ESPN+,7:00 PM,10:30 PM,3.50
9/5/2026,Saturday,Charleston Southern at Georgia Southern,ESPN+,7:00 PM,10:30 PM,3.50
9/5/2026,Saturday,SE Louisiana at South Alabama,ESPN+,7:00 PM,10:30 PM,3.50
9/5/2026,Saturday,Sam Houston at Troy,ESPN+,7:00 PM,10:30 PM,3.50
9/5/2026,Saturday,Chicago State at UT Martin,ESPN+,7:00 PM,10:30 PM,3.50
9/5/2026,Saturday,Illinois State at Western Illinois,ESPN+,7:00 PM,10:30 PM,3.50
9/5/2026,Saturday,West Florida at Central Arkansas,ESPN+,7:00 PM,10:30 PM,3.50
9/5/2026,Saturday,UNI at Eastern Washington,ESPN+,7:00 PM,10:30 PM,3.50
9/5/2026,Saturday,Eastern Kentucky at Jacksonville State,ESPN+,7:00 PM,10:30 PM,3.50
9/5/2026,Saturday,Edward Waters at Jackson State,HBCU Go,7:00 PM,10:30 PM,3.50
9/5/2026,Saturday,Texas Wesleyan at McNeese,ESPN+,7:00 PM,10:30 PM,3.50
9/5/2026,Saturday,Clemson at No. 11 LSU,ABC,7:30 PM,11:00 PM,3.50
9/5/2026,Saturday,Western Michigan at No. 16 Michigan,NBC,7:30 PM,11:00 PM,3.50
9/5/2026,Saturday,UL Monroe at Mississippi State,ESPNU,7:30 PM,11:00 PM,3.50
9/5/2026,Saturday,VMI at Virginia Tech,ACC Network,7:30 PM,11:00 PM,3.50
9/5/2026,Saturday,Northwestern State at Louisiana Tech,ESPN+,7:30 PM,11:00 PM,3.50
9/5/2026,Saturday,Florida Atlantic at Florida,SEC Network,7:45 PM,11:15 PM,3.50
9/5/2026,Saturday,Utah Tech at No. 14 BYU,ESPN+,8:00 PM,11:30 PM,3.50
9/5/2026,Saturday,Hampton at Maryland,Big Ten Network,8:00 PM,11:30 PM,3.50
9/5/2026,Saturday,South Dakota State at Northwestern,Big Ten Network,8:00 PM,11:30 PM,3.50
9/5/2026,Saturday,Lamar at Louisiana,ESPN+,8:00 PM,11:30 PM,3.50
9/5/2026,Saturday,South Dakota at Northern Colorado,ESPN+,8:00 PM,11:30 PM,3.50
9/5/2026,Saturday,Weber State at Southern Utah,ESPN+,8:00 PM,11:30 PM,3.50
9/5/2026,Saturday,East Texas A&M at Stephen F. Austin,ESPN+,8:00 PM,11:30 PM,3.50
9/5/2026,Saturday,Mercyhurst at New Mexico State,ESPN+,9:00 PM,12:30 AM,3.50
9/5/2026,Saturday,Northern Arizona at Arizona,ESPN+,9:30 PM,1:00 AM,3.50
9/5/2026,Saturday,Portland State at San Diego State,USA Network,9:30 PM,1:00 AM,3.50
9/5/2026,Saturday,Morgan State at Arizona State,ESPN+,10:00 PM,1:30 AM,3.50
9/5/2026,Saturday,UNLV at Hawai'i,CW Network,10:00 PM,1:30 AM,3.50
9/5/2026,Saturday,Central Michigan at New Mexico,FS1,10:00 PM,1:30 AM,3.50
9/5/2026,Saturday,Mississippi Valley State at Sacramento State,ESPN+,10:00 PM,1:30 AM,3.50
9/5/2026,Saturday,UC Davis at San Diego,ESPN+,10:00 PM,1:30 AM,3.50
9/5/2026,Saturday,UCLA at Cal,ESPN,10:30 PM,2:00 AM,3.50
9/5/2026,Saturday,Western Kentucky at Nevada,CBSSN,10:30 PM,2:00 AM,3.50
9/6/2026,Sunday,Texas Southern at Prairie View A&M,ESPN2,12:00 PM,3:30 PM,3.50
9/6/2026,Sunday,"Florida A&M vs. South Carolina State (Hard Rock Stadium in Miami Gardens, Fla.)",ESPN,3:00 PM,6:30 PM,3.50
9/6/2026,Sunday,Washington State at No. 17 Washington,NBC,4:00 PM,7:30 PM,3.50
9/6/2026,Sunday,"No. 4 Notre Dame vs. Wisconsin (Lambeau Field in Green Bay, Wis.)",NBC,7:30 PM,11:00 PM,3.50
9/6/2026,Sunday,"No. 9 Ole Miss vs. No. 24 Louisville (Nissan Stadium in Nashville, Tenn.)",ABC,7:30 PM,11:00 PM,3.50
9/7/2026,Monday,No. 19 SMU at Florida State,ESPN,7:30 PM,11:00 PM,3.50
